STYLE#,ITEM#,DESC1,DESC2,DESC3,DESC4,CAT,SUBCAT,VEND#,VENDOR PRODUCTION#,RMB.COST,ARB.COST2,FOB,QTY,UM,SELLPRC1,SELLPRC2,SELLPRC3,SELLPRC4,SELLPRC5,SELLPRC6,SEASON,WH,DUTY%,COMM%,MISC%,PC/CTN,GENDER
TT6779006,TT6779006,,,,,,,Chen Xianjun,TT6779006,18,,2.4,200,DZ,5,5,5,6.5,,,,,,,,,
TT6779006BW,TT6779006BW,,,,,,,Chen Xianjun,TT6779006BW,18,,2.4,200,DZ,5,5,5,6.5,,,,,,,,,
TT6779006GS,TT6779006GS,,,,,,,Chen Xianjun,TT6779006GS,18,,2.4,200,DZ,5,5,5,6.5,,,,,,,,,
,,,,,,,,,,,,,,,,,,,,,,,,,,,
,,,,,,,,,,,,,,,,,,,,,,,,,,,
,,,,,,,,,,,,,,,,,,,,,,,,,,,
,,,,,,,,,,,,,,,,,,,,,,,,,,,
,,,,,,,,,,,,,,,,,,,,,,,,,,,
,,,,,,,,,,,,,,,,,,,,,,,,,,,
,,,,,,,,,,,,,,,,,,,,,,,,,,,
,,,,,,,,,,,,,,,,,,,,,,,,,,,
,,,,,,,,,,,,,,,,,,,,,,,,,,,
,,,,,,,,,,,,,,,,,,,,,,,,,,,
,,,,,,,,,,,,,,,,,,,,,,,,,,,
,,,,,,,,,,,,,,,,,,,,,,,,,,,
,,,,,,,,,,,,,,,,,,,,,,,,,,,
,,,,,,,,,,,,,,,,,,,,,,,,,,,
,,,,,,,,,,,,,,,,,,,,,,,,,,,
,,,,,,,,,,,,,,,,,,,,,,,,,,,
,,,,,,,,,,,,,,,,,,,,,,,,,,,
